,Author,Judul Berita,Date,Link,Content
0,Kholida Qothrunnada - detikFinance,"Harga Kripto Hari Ini: Bitcoin Naik, Token Lokal ASIX-ICON Anjlok",29 Maret 2022 09:27 WIB,https://finance.detik.com/fintech/d-6005658/harga-kripto-hari-ini-bitcoin-naik-token-lokal-asix-icon-anjlok,"Harga kripto hari ini di pasaran dalam 24 jam terakhir mengalami kenaikan. Bitcoin masih menjadi kripto yang paling banyak diperdagangkan. Sejumlah harga bitcoin cs naik .Dikutip dari Coinbase, Selasa (29/3/2022) pukul 8.35 WIB harga Bitcoin cs dalam pasar 24 jam terakhir naik 1,06%. Harga Bitcoin naik 1,60% menjadi Rp 681 juta.Kenaikan harga kripto hari ini terjadi pada Ethereum 2,59% ke Rp 48,5 juta. Binance Coin naik 0,76% ke Rp 6,2 juta dan Tether naik 0,08% ke Rp 14.371.Persentase kenaikan harga bitcoin juga menimpa Cardano naik 1,94% ke Rp 17.112, Terra naik 5,23% ke Rp 1,4 juta, hingga Shiba Inu naik 5,97% ke Rp 0,39.Sementara di pasar lokal harga token ASIX anjlok drastis 12,02 % ke Rp 0,0146 dan ICON juga turun 0,22% ke Rp 13,8 ribu.Sedangkan harga kripto hari ini yang turun ada Dogecoin turun 0,20% ke Rp 2.084 ribu dan Litecoin turun 0,11% ke Rp 1,8 juta.Demikian informasi harga kripto hari ini.Lihat juga video 'Prospek Aset Kripto Lokal di Masa Depan di Indonesia': [Gambas:Video 20detik]"
1,Aldiansyah Nurrahman - detikFinance,Dirut Pertamina: Energi Fosil Tetap Ada Bahkan Sampai 2050,29 Maret 2022 09:30 WIB,https://finance.detik.com/energi/d-6005663/dirut-pertamina-energi-fosil-tetap-ada-bahkan-sampai-2050,"Pemerintah saat ini sedang gencar mengembangkan energi baru dan terbarukan (EBT). Salah satu penerapannya di sektor transportasi yang diarahkan menggunakan energi ramah lingkungan seperti listrik.Pemerintah sendiri telah menyiapkan peta jalan transisi energi menuju net zero emission (NZE) untuk periode 2021-2060. Peta jalan ini salah satu memuat soal penghentian penjualan kendaraan konvensional atau berbahan bakar BBM.Upaya pengembangan EBT ini direspon betul oleh PT Pertamina (Persero). Namun Direktur Utama PT Pertamina (Persero) Nicke Widyawati, meyakini bahwa energi fosil tidak hilang begitu saja dan tetap masih ada bahkan hingga 2050.""Dari sisi grand strategy energi nasional, energi fosil tetap ada bahkan sampai 2050. Demand energi naik, namun secara volume tidak langsung hilang begitu saja. Karenanya, energy fosil harus di-maintenance juga,"" katanya melansir Pertamina Energia Weekly, Selasa (29/3/2022).Nicke mencontohkan Pertamina itu memproduksi bahan bakar, maka ketika permintaan BBM itu turun, Pertamina akan memprosesnya menjadi petrochemical. Karena itu, ketika transisi energi terjadi, minyak tidak bisa hilang begitu saja, namun akan masuk ke hilirisasi.Oleh sebab itu, lanjut Nicke, yang harus dilakukan adalah melakukan pengembangan hilirisasi serta perlu pendanaan. Pertamina sadar permintaan petrochemical besar, akan tetapi Indonesia sebagian besarnya masih impor petrochemical.""Pertamina tetap akan melakukan pengembangan energi sesuai target grand energy nasional, tapi dengan cara yang lebih green, seperti green operation. Kita lakukan carbon capture utilization and storage (CCUS), yaitu energi gas buang yang selama ini dibuang begitu saja, ini kita proses lagi menjadi energy,"" tuturnya.Dengan begitu, Nicke menjelaskan, ada proses dekarbonisasi untuk mengurangi emisi. Pertamina sendiri sudah mulai mengurangi emisi sejak 2020. Sementara dalam 2 tahun terakhir ini, Pertamina juga sudah masuk dari existing operation dengan energi gas buang dijadikan listrik.Selain itu, Nicke menyampaikan, Pertamina juga telah menurunkan 27% karbon emisi dari target nasional 25%. Karena itu, bisa dikatakan penerapannya sudah melebihi targetKemudian Pertamina juga melakukan decarbonization dan mendorong masyarakat menggunakan BBM yang kualitasnya lebih baik. Contohnya, yang tadinya BBM RON 88, sekarang sudah RON 90. Bahkan RON 92, disampaikan Nicke, bisa menurunkan 12 juta ton CO2 setahun."
2,Sylke Febrina Laucereno - detikFinance,Peritel Raksasa Ini Putuskan Setop Jual Rokok!,29 Maret 2022 09:03 WIB,https://finance.detik.com/berita-ekonomi-bisnis/d-6005615/peritel-raksasa-ini-putuskan-setop-jual-rokok,"Salah satu jaringan toko ritel terbesar di Amerika Serikat (AS) Walmart tak lagi menjual rokok di sejumlah tokonya seperti di California, Florida, Arkansas dan New Mexico. Meskipun penjualan rokok bisa menjadi salah satu sumber pendapatan besar bagi perusahaan.Memang, Walmart bukanlah yang pertama menghentikan penjualan rokok di negara tersebut. Tapi langkah penghentian penjualan ini merupakan yang terbesar dibandingkan yang lainnya.Target untuk menghentikan penjualan rokok ini sudah digaungkan sejak 1996 lalu. Dalam pernyataannya, Walmart menyebut jika keputusan ini diharapkan bisa disesuaikan dengan bisnis dan pasar tertentu.""Kami selalu mencari cara untuk memenuhi kebutuhan pelanggan dan tetap menjalankan bisnis secara efisien,"" kata Walmart dikutip dari Aljazeera, Selasa (29/3/2022).Dinas kesehatan di AS menyebut jika merokok menyebabkan satu dari lima kematian yang terjadi di AS setiap tahunnya. Pada 2019 Walmart yang berbasis di Bentonville dan Sam's Clubs mengumumkan untuk menghentikan bisnis vaping dan berhenti menjual rokok elektrik.Tak cuma Walmart, toko CVS Health juga mulai melakukan hal itu pada 2014 lalu. Penjualan CVS Health turun dalam beberapa kuartal setelah menghentikan penjualan produk tembakau. Perusahaan juga telah memprediksi jika penghentian ini akan membuat pendapatan tahunan menyusut."
3,Tim Detikcom - detikFinance,Giliran Rupiah Pagi Ini yang 'Kebakaran',29 Maret 2022 09:34 WIB,https://finance.detik.com/bursa-dan-valas/d-6005676/giliran-rupiah-pagi-ini-yang-kebakaran,"Kurs dolar Amerika Serikat (AS) pada hari ini menguat terhadap rupiah. Sebaliknya, rupiah melemah terhadap semua mata uang.Melansir RTI, Selasa (29/3/2022), dolar AS pada pagi ini pukul 09.27 WIB menguat 123 poin atau 0,87% ke RP 14.334.Tapi dalam sepekan, dolar AS melemah 0,14% terhadap rupiah. Sementara dalam sebulan terakhir melemah tipis 0,01.Dolar AS pada pagi ini bergerak di rentang 14.209 ke 14.366.Sementara itu, rupiah hari ini takluk di hadapan semua mata uang. Paling dalam rupiah melemah terhadap yen yaitu 1,52% ke 115."
4,tim detikhot - detikHot,Ayah Incar Bunuh Yasmeena Ali Gara-gara Keluar Islam Jadi Bintang Porno,29 Maret 2022 09:29 WIB,https://hot.detik.com/celeb/d-6005661/ayah-incar-bunuh-yasmeena-ali-gara-gara-keluar-islam-jadi-bintang-porno,"Yasmeena Ali merupakan perempuan kelahiran Kabul, Afghanistan pada 1993. Ia meninggalkan keyakinannya lalu jadi bintang porno.Yasmeena Ali lahir di bawah kekuasaan Taliban. Ia kemudian bermigrasi ke Inggris bersama keluarganya pada awal 2000-an. Ayah Yasmeena Ali diberikan suaka di Inggris karena menyediakan layanan penerjemah kepada pasukan Inggris dan AS selama pertempuran di Timur Tengah.Yasmeena Ali ternyata tak menemukan kehidupan yang lebih mudah di sana. Ia memilih melarikan diri dari keluarganya, kemudian menikah dengan seorang fotografer Yahudi, David Cohen.Kepada The Post, Yasmeena Ali berkisah tentang dirinya meninggalkan agamanya, kemudian memulai karier sebagai aktris film dewasa di Eropa Timur.Pada 2020, Yasmeena Ali jadi berita utama setelah ayah dan sepupunya ditangkap karena dugaan rencana pembunuhan terhadap dirinya. Sang ayah merasa Yasmeena Ali telah mempermalukan keluarga dengan masuk ke dunia porno. Mereka juga marah karena Yasmeena Ali menikah dengan David Cohen.Keduanya diduga terbang ke Slovakia untuk mencari Yasmeena Ali. Bahkan menurutnya, mereka juga menyewa pembunuh bayaran yang dibayar Rp 1 miliar. Kini keluarga Yasmeena Ali pun dalam proses diekstradisi ke Slovakia.""Saya tidak memiliki kontak dengan keluarga dan mereka belum memberi tahu saya secara langsung bagaimana perasaan mereka tentang karier saya,"" kata Ali kepada The Post.Yasmeena Ali mengaku keluarganya kerap menanamkan rasa takut kepada dirinya. Terlebih ketika ia meninggalkan agama.""Orang tua saya selalu menanamkan rasa takut dalam diri saya: Tuhan, neraka, hukuman. Jika saya meninggalkan Islam, ayah saya mengancam akan membunuh saya karena menodai Islam, budaya Afghanistan, dan kehormatan keluarga,"" lanjut Yasmeena Ali yang kini mengaku ateis."
5,Tim detikcom - detikNews,"Level 4 Nihil, Ini Daftar Terbaru Wilayah PPKM Level 1-3 di Luar Jawa-Bali",29 Maret 2022 08:39 WIB,https://news.detik.com/berita/d-6005598/level-4-nihil-ini-daftar-terbaru-wilayah-ppkm-level-1-3-di-luar-jawa-bali,"Pemberlakuan pembatasan kegiatan masyarakat (PPKM) di luar Pulau Jawa-Bali diperpanjang mulai hari ini hingga 11 April mendatang. Sebanyak 250 kabupaten/kota di luar Jawa-Bali menerapkan PPKM level 2 selama 2 minggu ke depan.Perpanjangan PPKM luar Jawa-Bali ditetapkan melalui Instruksi Menteri Dalam Negeri (Inmendagri) Nomor 19 Tahun 2022. Inmendagri tersebut juga merinci kategori PPKM di setiap daerah di luar Jawa-Bali. Namun tak ada daerah yang menerapkan PPKM level 4.""Posisi ini harus terus kita dorong dengan harapan semakin banyak daerah yang berada di Level 1. Itu artinya bahwa kekebalan masyarakat akan semakin terbentuk dan masyarakat sudah bisa beraktivitas secara normal,"" kata Direktur Jenderal Bina Administrasi Kewilayahan Kementerian Dalam Negeri Safrizal dalam keterangan tertulis, Selasa (29/3/2022).Ini daftar terbaru daerah PPKM level 1-3 di luar Jawa-Bali:Level 2Kabupaten Aceh Tenggara, Kabupaten Aceh Timur, Kabupaten Aceh Barat, Kabupaten Aceh Besar, Kabupaten Aceh Singkil, Kabupaten Aceh Barat Daya, Kabupaten Gayo Lues, Kabupaten Aceh Jaya, Kabupaten Nagan Raya, Kabupaten Aceh Tamiang, Kabupaten Bener Meriah, Kabupaten Pidie Jaya, Kota Lhokseumawe, Kota Langsa, dan Kota Subulussalam.Level 3Kabupaten Aceh Selatan, Kabupaten Aceh Tengah, Kabupaten Pidie, Kabupaten Aceh Utara, Kabupaten Simeulue, Kabupaten Bireuen, Kota Banda Aceh, dan Kota Sabang.Level 1Kabupaten Deli Serdang, Kabupaten Dairi, Kabupaten Mandailing Natal, Kabupaten Nias Selatan, Kota Sibolga, dan Kota Binjai, Kabupaten Pakpak Bharat, dan Kabupaten Simalungun.Level 2Kabupaten Tapanuli Tengah, Kabupaten Tapanuli Utara, Kabupaten Tapanuli Selatan, Kabupaten Nias, Kabupaten Langkat, Kabupaten Karo, Kabupaten Asahan, Kabupaten Labuhanbatu, Kabupaten Toba, Kabupaten Samosir, Kabupaten Serdang Bedagai, Kabupaten Batu Bara, Kabupaten Padang Lawas Utara, Kabupaten Padang Lawas, Kabupaten Labuhanbatu Selatan, Kabupaten Labuhanbatu Utara, Kabupaten Nias Utara, Kabupaten Nias Barat, Kota Medan, Kota Pematangsiantar, Kota Tanjung Balai, Kota Tebing Tinggi, Kota Padang Sidempuan, dan Kota Gunungsitoli.Level 3Kabupaten Humbang Hasundutan.Level 2Kabupaten Pesisir Selatan, Kabupaten Solok, Kabupaten Sijunjung, Kabupaten Tanah Datar, Kabupaten Padang Pariaman, Kabupaten Lima Puluh Kota, Kabupaten Pasaman, Kabupaten Kepulauan Mentawai, Kabupaten Dharmasraya, Kabupaten Solok Selatan, Kabupaten Pasaman Barat, Kota Padang Panjang, Kota Bukittinggi, Kota Payakumbuh, dan Kota Pariaman.Level 3Kabupaten Agam, Kota Padang, Kota Solok, dan Kota Sawahlunto.Level 2Kabupaten Kampar, Kabupaten Indragiri Hulu, Kabupaten Bengkalis, Kabupaten Indragiri Hilir, Kabupaten Pelalawan, Kabupaten Rokan Hulu, Kabupaten Rokan Hilir, Kabupaten Siak, Kabupaten Kuantan Singingi, Kabupaten Kepulauan Meranti, dan Kota Dumai.Level 3Kota Pekanbaru.Level 2Kabupaten Kerinci, Kabupaten Merangin, Kabupaten Sarolangun, Kabupaten Batanghari, Kabupaten Muaro Jambi, Kabupaten Tanjung Jabung Barat, Kabupaten Tanjung Jabung Timur, Kabupaten Bungo, Kabupaten Tebo, Kota Jambi, Kota Sungai Penuh.Level 1Kabupaten Penukal Abab Lematang IlirLevel 2Kabupaten Ogan Komering Ulu, Kabupaten Ogan Komering Ilir, Kabupaten Muara Enim, Kabupaten Lahat, Kabupaten Musi Rawas, Kabupaten Musi Banyuasin, Kabupaten Banyuasin, Kabupaten Ogan Komering Ulu Timur, Kabupaten Ogan Komering Ulu Selatan,Kabupaten Ogan Ilir, Kabupaten Empat Lawang, Kabupaten Musi Rawas Utara, Kota Pagar Alam, Kota Lubuklinggau, dan Kota Prabumulih.Level 3Kota PalembangLevel 2Kabupaten Bengkulu Selatan, Kabupaten Rejang Lebong, Kabupaten Bengkulu Utara, Kabupaten Kaur, Kabupaten Seluma, Kabupaten Muko Muko, Kabupaten Lebong, Kabupaten Kepahiang, dan Kabupaten Bengkulu Tengah.Level 3 Kota BengkuluLevel 2Kabupaten Lampung Selatan, Kabupaten Lampung Tengah, Kabupaten Lampung Utara, Kabupaten Tulang Bawang, Kabupaten Tanggamus, Kabupaten Lampung Timur, Kabupaten Way Kanan, Kabupaten Mesuji, Kabupaten Tulang Bawang Barat, Kabupaten Pesisir Barat, Kota Bandar Lampung, Kota Metro.Level 3Kabupaten Lampung Barat, Kabupaten Pesawaran, dan Kabupaten Pringsewu.Level 2Kabupaten Bangka Selatan.Level 3Kabupaten Bangka, Kabupaten Belitung, Kabupaten Bangka Tengah, Kabupaten Bangka Barat, Kabupaten Belitung Timur, dan Kota Pangkalpinang.Level 2Kabupaten Bintan, Kabupaten Karimun, Kabupaten Lingga, Kabupaten Kepulauan Anambas, dan Kota Batam.Level 3Kabupaten Natuna dan Kota Tanjung Pinang.NTT, NTB dan Kalimantan ada di halaman berikutnya.Simak Video 'Jokowi Izinkan Mudik, Satgas Covid-19 Ingatkan Masyarakat Segera Booster':[Gambas:Video 20detik]"
6,Efendik Kurniawan - detikNews,"Fenomena ""Crazy Rich"" dan Pencucian Uang",29 Maret 2022 10:35 WIB,https://news.detik.com/kolom/d-6005745/fenomena-crazy-rich-dan-pencucian-uang,
7,Yulida Medistiara - detikNews,"Prabowo Bertemu Raja Malaysia, Bahas Apa?",29 Maret 2022 09:27 WIB,https://news.detik.com/berita/d-6005657/prabowo-bertemu-raja-malaysia-bahas-apa,"Menteri Pertahanan (Menhan) RI Prabowo Subianto bertemu dengan Raja Malaysia Al-Sultan Abdullah Ri'ayatuddin Al-Mustafa Billah Shah. Apa yang dibahas keduanya?Pertemuan Prabowo dengan Raja Malaysia dilakukan di sela-sela Defence Services Asia Exhibition and National Security Conference Asia 2022. Acara itu berlangsung pada Senin (28/3/2022).Prabowo hadir atas undangan dari Menteri Pertahanan Malaysia Yang Berhormat Dato' Seri Hishammuddin Hussein.""Bersama Yang Mulia, Yang Di Pertuan Agong Al-Sultan Abdullah Ri'ayatuddin Al-Mustafa Billah Shah, dari Malaysia,"" kata Prabowo dikutip dari akun Instagram resminya, @prabowo, Selasa (29/3/2022).Kemhan mengatakan Prabowo dan Menhan Malaysia membahas penguatan kerja sama pertahanan dengan fokus pada latihan bersama antara Malaysia Armed Forces (MAF) dan TNI. Keduanya juga membahas kerja sama keamanan perbatasan dan kolaborasi industri pertahanan.Selain itu, kedua Menhan menyaksikan penandatanganan MoU antara PT Pindad (Persero) dan Lembaga Tabung Angkatan Tentera (LTAT) Malaysia, yang ditandatangani oleh Direktur Utama PT Pindad Abraham Mose dan Ketua Eksekutif LTAT Dato' Ahmad Nazim Abd Rahman.Prabowo juga melaksanakan pertemuan Trilateral Cooperative Arrangement (TCA) Ministerial Meeting dengan Menhan Malaysia dan Menhan Filipina Delfin Lorenzana. Ketiga menteri tersebut berdiskusi tentang situasi keamanan di Laut Sulu dan Laut Sulawesi, serta penguatan kerja sama untuk mengatasi ancaman berkelanjutan di wilayah maritim.Ketiga negara tersebut telah mencapai tiga kesepakatan, yaitu memperluas TCA di luar lingkup pertahanan dengan menggabungkan pendekatan multi-lembaga yang melibatkan K/L terkait, mempercepat penempatan Trilateral Maritime Patrol Liaison Officer (TMP LO) permanen di Pusat Komando Maritim masing-masing negara untuk memungkinkan pertukaran informasi, pemantauan dan pelaksanaan kegiatan pengawasan laut dan udara yang efektif, dan memastikan penekanan yang lebih besar dalam bidang intelijen untuk operasi pengawasan di masa depan guna meningkatkan produktivitas dan akurasi dalam membatasi kegiatan jaringan kejahatan-teror di wilayah.Simak juga 'Prabowo Temui Pangeran MBZ, Bawa Surat dari Jokowi':[Gambas:Video 20detik]"
8,Inkana Izatifiqa R Putri,"Kemenparekraf Sebut 75,8% Warga Puas atas Perhelatan MotoGP Mandalika",29 Maret 2022 10:35 WIB,https://travel.detik.com/travel-news/d-6005726/kemenparekraf-sebut-758-warga-puas-atas-perhelatan-motogp-mandalika,"Pertamina Grand Prix of Indonesia (MotoGP Mandalika 2022) telah digelar pada 18-20 Maret 2022 di Pertamina Mandalika International Circuit. Berdasarkan hasil quick count Kemenparekraf/Baparekraf, 75,8 persen masyarakat yang menjadi responden merasa puas atas rangkaian penyelenggaraan event tersebut.""Berdasarkan hasil quick count terkait MotoGP Mandalika 2022 hasilnya sangat memuaskan. Secara umum feedback-nya sangat baik, tingkat kepuasan berkaitan dengan MotoGP ini sangat tinggi,"" kata Menteri Pariwisata dan Ekonomi Kreatif/Kepala Badan Pariwisata dan Ekonomi Kreatif, Sandiaga Salahuddin Uno dalam keterangan tertulis, Selasa (29/3/2022).Hal ini ia sampaikan dalam Weekly Press Briefing Kemenparekraf/Baparekraf yang digelar hybrid dari Gedung Sapta Pesona, Senin (28/3). Meski masyarakat mengaku puas, Sandiaga mengatakan masih terdapat masukan atau hasil kepuasan yang masih rendah terkait transportasi lokal dan fasilitas parkir.""Ini kami jadikan catatan yang akan kami sampaikan kepada pihak-pihak terkait termasuk ITDC,"" kata Sandiaga.Sandiaga berharap tingkat kepuasan yang tinggi ini dapat menggerakkan ekonomi lokal, membuka peluang usaha, dan lapangan kerja.""Dari tingkat kepuasan mereka juga berarti bahwa kualitas homestay ini bisa jadi bahan dasar acuan kita untuk membangun Sarhunta berikutnya,"" imbuhnya.Di sisi lain, Deputi Bidang Kebijakan Strategis Kemenparekraf/Baparekraf, Nia Niscaya, menjelaskan berdasarkan hasil quick count, demografi pengunjung MotoGP Mandalika 2022 sebesar 72,98 persen berasal dari generasi milenial. Selain Nusa Tenggara Barat, DKI Jakarta dan Jawa Barat menjadi asal provinsi dengan pengunjung MotoGP Mandalika 2022 terbanyak.Sementara terkait transportasi, 60,61 persen responden menggunakan pesawat sebagai moda transportasi utama dan 22,73 persen menggunakan transportasi pribadi.""Hotel dan homestay menjadi pilihan utama akomodasi wisatawan selama mengunjungi Lombok dengan rata-rata lama tinggal selama 4,2 hari,"" kata Nia.Nia pun menambahkan selama kunjungan, pengeluaran rata-rata wisatawan sebanyak kurang lebih Rp 10 juta. Adapun hospitality dan destinasi pendukung merupakan faktor yang mendapatkan kepuasan paling tinggi jika dibandingkan dengan faktor pendukung lainnya. Sedangkan, kebersihan dan transport lokal menjadi faktor yang mendapat kepuasan paling rendah jika dibandingkan dengan faktor lainnya.""Namun 88,71 persen responden memiliki rencana untuk kembali ke event MotoGP Mandalika di musim selanjutnya,"" ungkap Nia.Nia pun mengungkapkan sebagian besar responden menginginkan adanya evaluasi dan perbaikan terkait sistem dan manajemen transportasi, khususnya bus shuttle dan manajemen parkir. Selain itu, infrastruktur ekosistem sirkuit yang belum selesai diharapkan sudah jauh lebih siap tahun depan.Selain itu, Kemenparekraf melakukan survei terkait tingkat kepuasan penghuni Sarhunta (Sarana Hunian Pariwisata), terutama Sarhunta yang telah terverifikasi Indonesia Care. Nia menjelaskan diketahui 50 persen tamu yang menginap di Sarhunta selama MotoGP merupakan penonton MotoGP.Nia memaparkan 17,6 persen tamu melakukan pemesanan penginapan melalui travel, sedangkan lainnya memesan langsung ke pemilik. Adapun wisatawan yang memilih menginap di Sarhunta terbanyak berasal dari Jakarta, disusul Jawa Barat, Jawa Timur, NTB, dan Bali.""Dari dimensi kebersihan umumnya tamu merasa puas, bahkan lebih dari 55 persen menyatakan sangat puas,"" kata Nia.Dari faktor CHSE lainnya, yakni kesehatan, Nia menyebut tamu merasa puas dengan penerapan protokol kesehatan dan ketersediaan fasilitas Sarhunta yang memadai. Dan dari segi keselamatan, umumnya tamu juga merasa puas dan lebih dari 55,9 persen tamu merasa sangat puas dengan tingkat keamanan di dalam kamar.""Di dimensi kelestarian lingkungan umumnya tamu merasa puas, bahkan terkait ketersediaan sanitasi/pembuangan air bekas pakai dan ketersediaan tempat sampah, lebih dari 50 persen tamu merasa sangat puas,"" kata Nia.Sebagai informasi, dalam acara tersebut turut hadir Wakil Menteri Pariwisata dan Ekonomi Kreatif/Wakil Kepala Badan Pariwisata dan Ekonomi Kreatif, Angela Tanoesoedibjo; Sekretaris Kementerian Pariwisata dan Ekonomi Kreatif/Sekretaris Utama Badan Pariwisata dan Ekonomi Kreatif, Ni Wayan Giri Adnyani; serta seluruh pejabat eselon I dan II di lingkungan Kemenparekraf/Baparekraf."
9,Nugroho Tri Laksono - 20DETIK,Sejumlah Koreksi FIA untuk Sirkuit Formula E di Ancol Jakarta,29 Maret 2022 07:00 WIB,https://news.detik.com/detiktv/d-6005497/sejumlah-koreksi-fia-untuk-sirkuit-formula-e-di-ancol-jakarta,"Panitia atau organizing committee mengungkap koreksi-koreksi dari penyelenggara Formula E, Federasi Automobil Internasional (FIA) untuk lintasan di Ancol, Jakarta Utara."
10,Mauludi Rismoyo - detikHot,"Wajah Mayang Alami Breakout karena Skincare, Doddy Sudrajat Siap Ambil Tindakan",29 Maret 2022 10:35 WIB,https://hot.detik.com/celeb/d-6005548/wajah-mayang-alami-breakout-karena-skincare-doddy-sudrajat-siap-ambil-tindakan,"Anak Doddy Sudrajat, Mayang Lucyana Fitri, lagi heboh karena review produk skincare. Niat menghilangkan jerawat, wajahnya malah mengalami masalah.Mayang pun dianggap bisa mencemarkan nama baik produk skincare. Ia lalu mendapat pembelaan dari sang ayah.Doddy Sudrajat melihat Mayang tak bisa dinilai melakukan pencemaran nama baik. Ia pun siap ambil tindakan jikalau ada laporan kepolisian dari pihak skincare.""Sebenarnya sih kalau dilihat nggak ada pencemaran nama baik, karena kan nilai produknya. Sebenarnya dia yang harusnya somasi produk skincare tersebut, karena Mayang mukanya jadi nggak sesuai ekspektasi. Kalau dibilang pencemaran nama baik, harusnya saya yang mensomasi produk tersebut,"" ujar Doddy.Doddy Sudrajat merasa kasihan dengan wajah Mayang saat ini yang mengalami breakout. Ia juga kesal produk skincare tak indahkan review sang putri.""Ya kasihan Mayang jadi apa ya, sangat disayangkan sudah beli produk mahal terus kulitnya rusak, ya kasihanlah. Apalagi di media sosial ramai dan tidak ada respons,"" tutur Doddy.Doddy Sudrajat siap somasi produk skincare yang bikin wajah Mayang rusak. Ia pun heran anaknya malah dihujat karena berbagi pengalaman mengenai produk tersebut.""Di media sosial sudah sangat ramai dan meresahkan, jadi saya juga sudah konsultasi mengenai masalah Mayang ini karena apa kan sudah tidak sesuai ekspektasi Mayang. Jadi saya harus menyelesaikan masalah Mayang ini. Salah satunya itu (mau somasi karena produk ini nggak respons) sama kan sudah banyak komentar meresahkan ya jadi saya konsultasi mengenai masalah ini,"" kata Doddy.Mayang mengaku membeli produk skincare itu karena melihat review positif di e-commerce dan banyak muncul di media sosialnya. Namun setelah dicoba, ia malah merasa produk tersebut tak sesuai ekspektasi.""Aku di sini sharing, apa yang aku pakai nggak worth it di muka aku. Aku beli, aku kira sesuai ekspektasi karena aku lihat reviewnya bagus-bagus, pas aku coba ternyata nggak worth it. Ini aku jadi breakout, terus dihujat juga kan niatnya mau hilangkan jerawat tapi ternyata begini,"" pungkasnya."
11,"detikTV, dtv - detikHot","Minta Maaf ke Chris Rock, Will Smith: Aku Salah",29 Maret 2022 09:43 WIB,https://hot.detik.com/detiktv/d-6005682/minta-maaf-ke-chris-rock-will-smith-aku-salah,"Will Smith sempat meluapkan kemarahannya atas candaan Chris Rock soal istrinya, Jada Pinkett-Smith. Will bahkan memukul Chris di panggung Oscar 2022. Terkait hal tersebut, Will Smith akhirnya meminta maaf secara terbuka kepada Chris. Berikut pernyataannya."
12,Vidya Pinandhita - detikHealth,"Awal Mula Jada Smith Gunduli Kepala, Tak Mudah 'Berdamai' dengan Alopecia",29 Maret 2022 10:31 WIB,https://health.detik.com/berita-detikhealth/d-6005736/awal-mula-jada-smith-gunduli-kepala-tak-mudah-berdamai-dengan-alopecia,"Heboh momen komedian Chris Rock ditampar oleh aktor Will Smith dalam Oscar 2022. Pasalnya, Chris Rock berguyon soal rambut botak istri Will Smith, yakni Jada Pinkett Smith. Diketahui, kebotakan tersebut disebabkan penyakit alopecia atau alopecia areata, yakni gangguan autoimun yang memicu kerontokan rambut.Pada 2018 dalam talk show Red Table Talk, Jada mengisahkan awal mula ia mengalami alopecia. Ia menjelaskan saat dirinya di kamar mandi, ia menyadari dirinya kehilangan segenggam rambut rontok.""Itu adalah salah satu saat dalam hidup saya di mana saya benar-benar gemetar ketakutan,"" kata Jada, dikutip dari Newsweek, Selasa (29/3/2022).Pinkett Smith sempat berkonsultasi dengan dokter untuk mencari tahu penyebab kerontokan rambutnya. Namun kala itu, dirinya tak kunjung beroleh jawaban.""Mereka tidak tahu kenapa,"" kata Jada.Berlanjut pada 2021 lewat akun Instagram, Jada membagikan foto kepalanya yang dicukur. Ia secara terbuka angkat bicara soal alopecia yang diidapnya.""Mama harus mencukurnya hingga ke kulit kepala sehingga tidak ada yang mengira dia menjalani operasi otak atau semacamnya. Aku dan alopecia ini akan menjadi teman... titik!"" ujarnya dalam unggahan akun @jadapinkettsmith pada 28 Desember 2021.Diketahui, alopecia adalah gangguan autoimun yang memicu kerontokan rambut. Akan tetapi, efeknya bisa berbeda pada setiap orang. Beberapa orang hanya kehilangan rambut di beberapa bagian, sementara yang lain mengalami kerontokan rambut dalam jumlah amat banyak.Beberapa pasien mengalami penumbuhan rambut kembali, namun beberapa yang lain mengalami kerontokan secara permanen. Kondisi ini juga bisa memengaruhi kondisi rambut pada tubuh. Pasalnya, alopecia adalah penyakit yang menyerang sistem kekebalan tubuh, khususnya pada folikel rambut.Hingga kini, tidak ada kepastian soal penyebab alopecia. Namun sejumlah pihak meyakini, alopecia disebabkan oleh faktor keturunan."
13,Daily Mail - detikFood,Cantik! 10 Artis di Oscar 2022 Ini Pakai Gaun Serupa Warna Gelato,29 Maret 2022 10:30 WIB,https://food.detik.com/foto-kuliner/d-6005708/cantik-10-artis-di-oscar-2022-ini-pakai-gaun-serupa-warna-gelato,"Jakarta - Oscar 2022 menyisakan banyak cerita menarik. Di karpet merah, 10 artis cantik dan berbakat ini terlihat mengenakan gaun istimewa dengan warna mirip gelato!"
14,Anggi Mayasari - wolipop,40 Daftar Nama Bayi Perempuan Jepang dan Artinya,29 Maret 2022 10:30 WIB,https://wolipop.detik.com/entertainment-news/d-6005701/40-daftar-nama-bayi-perempuan-jepang-dan-artinya,"Tertarik memberi nama bayi perempuan dalam bahasa Jepang? Mungkin daftar nama bayi perempuan Jepang di bawah ini bisa menjadi inspirasimu.Ada beberapa nama bayi perempuan Jepang yang bisa kamu pilih dan menyelipkannya ke dalam rangkaian nama buah hati tercinta. Bahkan sederet pilihan nama bayi perempuan Jepang juga bisa menjadi panggilan yang cantik dan anti-mainstream.Kamu bisa memadukan nama bayi perempuan Jepang dan bahasa lainnya namun sesuaikan dengan artinya. Meski unik, nama bayi perempuan Jepang juga banyak yang memiliki arti bagus sesuai harapan orangtua.1. Aika: lagu cinta2. Aimi: cinta, keindahan3. Aina: wanita bermata cantik4. Akemi: cantik, cerah5. Asana: ketenangan pagi6. Asami: keindahan pagi7. Emika: anak cantik yang diberkati8. Emiko: anak yang sejahtera dan cantik9. Fumika: sejarah yang indah10. Harumi: musim semi, keindahan11. Kanae: cinta, kasih sayang, mimpi12. Kayo: generasi cantik13. Kira: bersinar14. Kumi: indah selamanya15. Mana: kasih sayang16. Manami: cinta yang indah17. Masami: seseorang yang akan menjadi cantik18. Masumi: seorang wanita dengan kemurnian dan kecantikan sejati19. Mayumi: kecantikan lembut yang sejati20. Mami - nama Jepang yang berarti ""kecantikan sejati"".21. Megumi: berkah, cinta22. Misa: mekar yang indah23. Miyoko: anak cantik dari generasi ke generasi24. Miyu: bulan yang indah atau kebaikan yang indah25. Miyuna: hati yang lembut26. Rinka: berbakat27. Sayaka : brilian, cerah, jelas28. Suki: orang yang dicintai29. Sumiko: dia adalah anak yang cantik dari kebaikan30. Sachiko: beruntung dan bahagia31. Seina: bintang yang bercahaya32. Satsuki: bulan baru33. Taya: muda34. Tamiko: anak dari banyak keindahan35. Ume: bunga Jepang untuk menangkal kejahatan36. Yoshiko: anak yang cantik37. Youko: anak yang bersinar atau anak yang cantik38. Yuna: mimpi39. Yua: cinta dan kasih sayang yang mengikat40. Yui: cinta, kelembutan.Mana pilihan nama bayi perempuan Jepang yang cocok untuk si buah hati?"
15,Pool - wolipop,"7 Artis Cantik yang Minder dengan Tubuhnya, Bella Hadid Sampai Angelina Jolie",29 Maret 2022 09:32 WIB,https://wolipop.detik.com/foto-entertainment/d-6005667/7-artis-cantik-yang-minder-dengan-tubuhnya-bella-hadid-sampai-angelina-jolie,"Jakarta - Setiap orang bisa minder karena keadaan fisik, tak terkecuali artis. Sering dielukan karena kecantikannya, tujuh artis ini ternyata punya rasa tak percaya diri.
(Pool)


artis selebriti model selebriti hollywood"
16,Panji Saputro - detikInet,PlayStation Ungkap Layanan Baru Seperti Xbox Game Pass,29 Maret 2022 10:30 WIB,https://inet.detik.com/games-news/d-6005721/playstation-ungkap-layanan-baru-seperti-xbox-game-pass,"Sony mengungkapkan, dalam waktu dekat akan mengenalkan layanan baru untuk PlayStation bertajuk Spartacus. Konsep yang ditawarkan serupa dengan rivalnya, Xbox Game Pass.Nantinya mereka menggabungkan dua penawaran saat ini, yaitu PlayStation Now dan PlayStation Plus. Di dalamnya, bisa memiliki beberapa tingkatan, mulai dari menawarkan game modern hingga klasik di era PlayStation 1 atau 2.""Ini disebut sebagai layanan tiga tingkat, yang akan menggabungkan PlayStation Now dengan PlayStation Plus. Tingkat tertinggi dapat mencakup game PS1/PS2/PSP,"" ujar Jason Schreier, Jurnalis Bloomberg, dikutip detikINET dari media sosial, Selasa (29/3/2022).Menurut keterangan, layanan baru ini meluncur pada musim semi. Hanya saja, meskipun mengkombinasikan keduanya, Sony tetap mempertahankan merek PlayStation Plus dan menghentikan PlayStation Now.Di dalamnya, para penggemar akan disuguhkan tiga tingkatan. Satu menawarkan fasilitas PlayStation Plus, lalu kedua mencakup katalog game PS4 dan PS5. Kemudian ketiga, memiliki demo yang diperpanjang, streaming dan perpustakaan judul klasik PS1, PS2, PS3 dan PSP.Dari informasi yang beredar, ketika nantinya diluncurkan, Spartacus akan menampilkan game baru terpopuler. Namun sayang, sepertinya tidak termasuk first person paling anyar mereka, yaitu God of War: Ragnarok.Sementara ini, Sony belum membeberkan biaya langganan untuk Spartacus. Tetapi bila menilik dari dua layanan sebelumnya, PlayStation Now dan PlayStation Plus sendiri, masing-masing seharga USD 60 atau sekitar Rp 861 ribu per tahun.Sehingga bila digabungkan, totalnya menjadi USD 120 atau sekitar Rp 1,7 juta per tahun. Hanya saja, masih belum bisa pasti dan cukup menjadi acuan.Angkanya kira-kira serupa dengan yang ditawarkan Game Pass versi standar, hampir USD 10 atau sekitar Rp 143 ribu per bulan. Tetapi sedikit lebih murah dari Game Pass Ultimate, senilai USD 14,9 atau sekitar Rp 215 ribu per bulan."
17,Afifah Rahmah - detikEdu,"Listrik Dinamis: Pengertian, Jenis, dan Contoh dalam Kehidupan Sehari-hari",29 Maret 2022 10:30 WIB,https://www.detik.com/edu/detikpedia/d-6005616/listrik-dinamis-pengertian-jenis-dan-contoh-dalam-kehidupan-sehari-hari,"Peralatan seperti televisi, kulkas, rice cooker, komputer, radio tidak dapat menyala dengan sendirinya tanpa terhubung dengan aliran listrik. Contoh lainnya bisa kamu temukan pada senter, jam dinding, atau mainan mobil-mobilan yang menggunakan baterai.Energi pada batu baterai merupakan penggerak dinamo (motor listrik) dalam mobil-mobilan. Sedangkan baterai pada senter menciptakan aliran elektron bekerja sehingga menyalakan lampu yang ada di dalamnya.Tapi, apa itu listrik dinamis dan apa saja jenis yang perlu diketahui? Simak penjelasan lengkap berikut ini ya!Listrik dinamis adalah muatan-muatan listrik yang mengalir atau bergerak. Listrik yang mengalir ini disebut juga dengan arus listrik.Dikutip dari Bahan Belajar Mandiri (BBM) yang dikeluarkan Universitas Pendidikan Indonesia, arus listrik adalah aliran partikel bermuatan positif yang melalui konduktor atau penghantar dari potensial tinggi ke potensial rendah.Arus listrik dapat dianalogikan dengan aliran air yang terjadi karena adanya perbedaan ketinggian. Air dapat mengalir dari tempat tinggi ke tempat yang rendah.Begitu juga dengan arus listrik dinamis yang dapat bergerak dengan perbedaan energi potensial.Seperti dilansir Solar Energy, arus listrik dibedakan menjadi dua yaitu arus listrik searah (DC) dan bolak-balik (AC).Setiap energi listrik baik itu listrik dinamis maupun listrik statis memiliki peran dalam kehidupan kita sehari-hari. Berikut ini beberapa contoh penerapan listrik dinamis menurut laman Read Physics, diantaranya yaitu:1. Rangkaian ListrikListrik dinamis hadir dalam arus yang bersirkulasi di sirkuit listrik apapun, contohnya di ada pada barang-barang di sekitar kita seperti senter, kompor listrik, telepon, dan semua jenis peralatan yang kita gunakan.2. Sistem Transmisi ListrikSistem transmisi tenaga listrik menggunakan tenaga listrik dinamis berupa arus bolak-balik, karena lebih mudah dikonduksikan pada jarak yang jauh.3. Listrik AtmosferArus listrik dihasilkan di atmosfer bumi, khususnya di ionosfer, radiasi ultraviolet dari matahari berasal dari partikel bermuatan yang mengalir dalam sirkuit besar arus listrik pada ketinggian tinggi.4. Listrik TerestrialArus listrik juga beredar di kerak bumi akibat dari reaksi kimia yang terjadi di lapisan tanah. Bumi memiliki medan magnetnya sendiri. Salah satunya yaitu pada aliran besi cair di inti planet menghasilkan arus listrik, dan ini bertanggung jawab untuk menciptakan medan magnet bumi.5. Aurora di Wilayah KutubAurora kutub adalah wilayah langit malam dengan warna cerah dan indah, yang muncul di dekat kutub. Fenomena ini disebabkan oleh listrik dinamis, karena aliran partikel bermuatan terus-menerus datang dari matahari, yang dikenal sebagai angin matahari.Ketika partikel-partikel ini mendekati Bumi, medan magnet ini membelokkannya sehingga memancarkan cahaya dan menciptakan efek bercahaya yang disebut aurora.6. Fungsi Sistem SarafArus listrik dalam tubuh kita dapat memproses rangsangan dari luar sehingga dapat diterima panca indera kemudian diubah ke dalam bentuk informasi lewat sistem saraf dan berjalan ke otak dengan impuls listrik.Dalam hal ini, arus listrik kecil dalam tubuh kita diperlukan untuk membawa informasi. Dengan cara yang sama, gerakan otot bergantung pada impuls listrik yang berjalan dari otak yang membawa perintah gerakan pada tubuh kita.7. DefibrillatorDisamping itu, listrik dinamis bisa sangat merusak tubuh manusia, arus 1 A bisa berakibat fatal. Namun jika digunakan dengan benar, arus listrik membantu menyelamatkan nyawa, seperti dalam kasus defibrillator.Defibrillator adalah perangkat yang, melalui kapasitor besar, mengalirkan listrik dinamis ke jantung, untuk membantu memulihkan ritme setelah serangan jantung.
Simak Video ""Volvo Mulai Uji Coba Cas Mobil Listrik Tanpa Kabel""
[Gambas:Video 20detik]
(pal/pal)"
18,tim detikhot - detikHot,Ayah Incar Bunuh Yasmeena Ali Gara-gara Keluar Islam Jadi Bintang Porno,29 Maret 2022 09:29 WIB,https://hot.detik.com/celeb/d-6005661/ayah-incar-bunuh-yasmeena-ali-gara-gara-keluar-islam-jadi-bintang-porno,"Yasmeena Ali merupakan perempuan kelahiran Kabul, Afghanistan pada 1993. Ia meninggalkan keyakinannya lalu jadi bintang porno.Yasmeena Ali lahir di bawah kekuasaan Taliban. Ia kemudian bermigrasi ke Inggris bersama keluarganya pada awal 2000-an. Ayah Yasmeena Ali diberikan suaka di Inggris karena menyediakan layanan penerjemah kepada pasukan Inggris dan AS selama pertempuran di Timur Tengah.Yasmeena Ali ternyata tak menemukan kehidupan yang lebih mudah di sana. Ia memilih melarikan diri dari keluarganya, kemudian menikah dengan seorang fotografer Yahudi, David Cohen.Kepada The Post, Yasmeena Ali berkisah tentang dirinya meninggalkan agamanya, kemudian memulai karier sebagai aktris film dewasa di Eropa Timur.Pada 2020, Yasmeena Ali jadi berita utama setelah ayah dan sepupunya ditangkap karena dugaan rencana pembunuhan terhadap dirinya. Sang ayah merasa Yasmeena Ali telah mempermalukan keluarga dengan masuk ke dunia porno. Mereka juga marah karena Yasmeena Ali menikah dengan David Cohen.Keduanya diduga terbang ke Slovakia untuk mencari Yasmeena Ali. Bahkan menurutnya, mereka juga menyewa pembunuh bayaran yang dibayar Rp 1 miliar. Kini keluarga Yasmeena Ali pun dalam proses diekstradisi ke Slovakia.""Saya tidak memiliki kontak dengan keluarga dan mereka belum memberi tahu saya secara langsung bagaimana perasaan mereka tentang karier saya,"" kata Ali kepada The Post.Yasmeena Ali mengaku keluarganya kerap menanamkan rasa takut kepada dirinya. Terlebih ketika ia meninggalkan agama.""Orang tua saya selalu menanamkan rasa takut dalam diri saya: Tuhan, neraka, hukuman. Jika saya meninggalkan Islam, ayah saya mengancam akan membunuh saya karena menodai Islam, budaya Afghanistan, dan kehormatan keluarga,"" lanjut Yasmeena Ali yang kini mengaku ateis."
19,Raja Adil Siregar - detikNews,"Kasus Kredit Fiktif Bank BJB Rp 7,2 M di Pekanbaru Naik ke Penyidikan",29 Maret 2022 10:29 WIB,https://news.detik.com/berita/d-6005735/kasus-kredit-fiktif-bank-bjb-rp-72-m-di-pekanbaru-naik-ke-penyidikan,"Polda Riau menaikkan status perkara dugaan kredit modal kerja fiktif di Bank Jabar dan Banten (BJB) cabang Pekanbaru ke penyidikan. Bahkan penyidik telah melakukan gelar perkara di kasus itu.Dugaan kredit fiktif itu terjadi pada medio tahun 2015-2016 lalu. Hasil perhitungan BPK kerugian negara tercatat mencapai Rp 7,2 miliar lebih.Kebid Humas Polda Riau, Kombes Sunarto mengatakan Dugaan korupsi pemberian kredit modal kerja konstruksi (KMKK) oleh bank kepada debitur diduga menggunakan surat kontrak palsu alias fiktif.""Ini terkait kegiatan pekerjaan yang sudah dilaksanakan pada kantor DPRD Riau dan Disdik Kuansing. Terjadi kurun waktu 18 Februari 2015-18 Februari 2016 lalu,"" kata Sunarto, Selasa (29/3/2022).Sunarto mengatakan, awalnya CV PGR dan CV PB mengajukan permohonan 18 dan 23 Februari 2015 untuk mendapatkan faslitas kredit modal Bank BJB cabang Pekanbaru. Namun dalam melakukan pencairan kredit tersebut kedua CV diduga menggunakan Surat Perintah Kerja (SPK) fiktif.""SPK ini atas kegiatan pekerjaan yang dilaksanakan di Kantor DPRD Riau dan Dinas Pendidikan Kabupaten Kuantan Singgingi. Ini mengakibatkan kerugian keuangan Bank BJB cabang Pekanbaru,"" kata Sunarto.Sebanyak 25 Orang saksi termasuk tiga saksi ahli telah dimintai keterangan. Ketiga saksi ahli yakni dari ahli keuangan negara, auditor keuangan negara dan ahli pidana korupsi.Besar kerugian berdasarkan perhitungan BPKP Riau di kredit tersebut sebesar Rp 7.233.091.582. Modusnya adalah untuk mendapatkan fasilitas kredit modal kerja kontruksi menggunakan SPK tidak sah alias fiktif.""Kemarin tim sudah melakukan gelar atas kasus tersebut. Sudah ada calon-calon tersangka di kasus tersebut yang segera kami sampaikan dalam waktu dekat ini,"" katanya.Sementara Kasubdit II Ditreskrimsus Polda Riau Kompol Teddy Ardian mengatakan kasus ini bermula dari kredit modal kerja konstruksi oleh BJB Cabang Pekanbaru kepada debitur dengan menggunakan surat kontrak atau SPK fiktif atas kegiatan pekerjaan.""Modusnya debitur membuat SPK fiktif bekerja sama dengan pihak oknum pegawai Bank,"" kata Tedy.Saat ditanya siapa tersangkanya, Tedy menyebutkan masih menunggu waktu. Pihaknya masih melengkapi sejumlah berkas perkara.""Untuk tersangkanya, nanti disampaikan lebih lanjut,"" katanya.Tedy mengatakan hasil pemeriksaan saksi dan pihak BJB, kasus itu diduga melanggar Pasal 2 Ayat (1) UU RI Nomor 31 Tahun 1999 sebagaimana telah diubah dengan UU RI Nomor 20 Tahun 2001 tentang pemberantasan tindak pidana korupsi."
20,Yogi Ernes - detikNews,"Polisi: Dea OnlyFans Bikin Konten Setahun, Raup Rp 15-20 Juta Sebulan",29 Maret 2022 10:29 WIB,https://news.detik.com/berita/d-6005734/polisi-dea-onlyfans-bikin-konten-setahun-raup-rp-15-20-juta-sebulan,"Gusti Ayu Dewanti alias Dea OnlyFans mengakui pembuatan konten porno bertujuan untuk meraup cuan. Polisi mengungkapkan penghasilan Dea OnlyFans sebulan.""Penghasilan dalam satu bulan lebih kurang 15 sampai 20 juta (Rupiah) penghasilannya, satu bulan,"" kata Dirkrimsus Polda Metro Jaya Kombes Auliansyah Lubis dalam konferensi pers di Polda Metro Jaya, Jakarta, Selasa (29/3/2022).Menurut penuturan polisi, Dea OnlyFans sudah berkecimpung di situs tersebut selama satu tahun.""Konten ini memang sedang kami dalami tapi dari pemeriksaan awal sudah berjalan lebih kurang setahun ini,"" katanya.Dea OnlyFans mengaku membuat konten porno untuk pribadi. Namun, Dea juga mengaku mendapatkan cuan dari menjual foto pornonya di OnlyFans.""Iya, untuk pribadi aja. Karena klien kami merasa ini ada tempatnya sendiri, sesuai dengan porsinya, sesuai dengan wadahnya,"" kata pengacara Dea, Herlambang Ponco, di Polda Metro Jaya, Jakarta, Senin (28/3/2022).Meski begitu, Herlambang juga tidak menampik jika Dea mendapatkan cuan dari situs OnlyFans. Tetapi, menurutnya, Dea telah melakukan filter siapa saja yang bisa mengakses akunnya.""Kalau keuntungan, ada keuntungan. Sejatinya Dea itu sudah memblokir (akun) atas segala negara dari Indonesia. Kalau misalkan ada orang yang jumping ke sana bahwa ada kenegaraan Indonesia itu sudah diblokir sama si Dea itu sendiri,"" kata Herlambang."
21,Tim detikcom - detikNews,Rusia: Operasi di Ukraina Tak Jadi Alasan Penggunaan Senjata Nuklir,29 Maret 2022 10:26 WIB,https://news.detik.com/internasional/d-6005732/rusia-operasi-di-ukraina-tak-jadi-alasan-penggunaan-senjata-nuklir,"Pemerintah Rusia kembali melontarkan komentar soal penggunaan senjata nuklir di tengah invasi ke Ukraina. Ditegaskan oleh Kremlin atau kantor kepresidenan Rusia, bahwa senjata nuklir hanya akan digunakan ketika ada ancaman terhadap keberadaan negara itu, bukan sebagai akibat dari perang yang berlangsung di Ukraina.""Hasil apapun dari operasi (di Ukraina), tentu saja, bukan alasan untuk penggunaan senjata nuklir,"" tegas juru bicara Kremlin, Dmitry Peskov, dalam wawancara dengan PBS Newshour pada Senin (28/3) dan dilansir CNN, Selasa (29/3/2022).""Kami memiliki konsep keamanan yang sangat jelas menyatakan bahwa hanya ketika ada ancaman eksistensi negara, di negara kami, kami bisa menggunakan dan kami benar-benar akan menggunakan senjata nuklir untuk menghilangkan ancaman terhadap eksistensi negara kami,"" jelas Peskov.Penegasan Peskov soal penggunaan senjata nuklir itu menggaungkan pernyataan Kremlin dalam wawancara eksklusif dengan CNN sepekan lalu. Saat itu, Peskov mengatakan senjata nuklir hanya akan digunakan dalam 'konsep keamanan domestik' dan jika Rusia menghadapi 'ancaman eksistensial'.Peskov juga menekankan bahwa kebijakan Rusia yang diungkapkan ke publik, menguraikan kapan senjata nuklir bisa digunakan.Ketika ditanya lebih lanjut oleh jurnalis senior CNN, Christiane Amanpour, dalam wawancara itu soal kondisi seperti apa yang mendorong Putin untuk menggunakan kemampuan nuklir Rusia, Peskov menjawab: ""Jika itu adalah ancaman eksistensial bagi negara kami, maka itu bisa."""
22,Yogi Ernes - detikNews,"Polisi Pamerkan Barang Bukti Kasus Dea OnlyFans, Ada Baju Cosplay",29 Maret 2022 10:25 WIB,https://news.detik.com/berita/d-6005729/polisi-pamerkan-barang-bukti-kasus-dea-onlyfans-ada-baju-cosplay,"Polda Metro Jaya menggelar konferensi pers terkait kasus dugaan pornografi dengan tersangka Dea 'OnlyFans'. Sejumlah barang bukti ikut ditampilkan.Pantauan detikcom, Selasa (29/3/2022), barang bukti itu ditampilkan di gedung Direktorat Reserse Kriminal Umum Polda Metro Jaya. Barang bukti itu mulai dari pakaian hingga laptop warna merah milik Dea.Salah satu barang bukti yang juga ditampilkan ada baju cosplay. Baju itu diduga digunakan Dea saat membuat video porno di OnlyFans.Untuk diketahui, Polda Metro Jaya telah menetapkan content creator bernama Dea terkait dugaan kasus pembuatan dan penyebaran konten pornografi di situs OnlyFans. Sejumlah pengakuan Dea terungkap terkait aktivitasnya di situs tersebut.Dea ditangkap di tempat kosnya di Malang, Jawa Timur, pada Kamis (24/3) malam. Dia lalu dibawa ke Polda Metro Jaya untuk menjalani pemeriksaan intensif.Dea tiba di Polda Metro Jaya pada Jumat (25/3) sore dan langsung diperiksa. Dea lalu mengakui telah aktif menjual foto bermuatan pornografi di OnlyFans sejak tiga tahun lalu.""Yang bersangkutan mengakui pernah mengirimkan foto ketelanjangan pada akun OnlyFans dengan nama @GRESAIDS sejak tahun 2019,"" kata Kabid Humas Polda Metro Jaya Kombes E Zulpan kepada wartawan, Sabtu (26/3).Perempuan bernama asli Gusti Ayu Dewanti itu juga tidak hanya aktif membuat video dan foto bermuatan pornografi di situs OnlyFans. Dea juga mengakui turut menyebarkan link situs OnlyFans miliknya ke akun Twitter pribadinya.""Yang bersangkutan mengakui pernah mengirimkan link OnlyFans miliknya dengan nama @GRESAIDS yang berisikan foto-foto miliknya dalam posisi telanjang pada akun Twitter pribadinya dengan nama @GRESAIDS,"" jelas Zulpan.Selain itu, Dea OnlyFans mengaku pembuatan video pornonya tidak dilakukan seorang diri. Saat itu dia membuat video porno bersama pacarnya.Simak selengkapnya di halaman selanjutnya"
23,Tim detikJateng - detikJateng,Kala Delegasi G20 Disuguhi Bir Jawa di Keraton Jogja,29 Maret 2022 08:49 WIB,https://www.detik.com/jateng/budaya/d-6005605/kala-delegasi-g20-disuguhi-bir-jawa-di-keraton-jogja,"Sebanyak 90 delegasi G20 sempat mengunjungi Keraton Jogja beberapa waktu lalu. Dalam kunjungan tersebut, mereka menyaksikan pameran hingga disuguhi bir Jawa oleh putri Sri Sultan HB X.Dikutip dari website resmi Keraton Jogja, kratonjogja.id pada Selasa (29/3/2022), ada 90 delegasi yang hadir untuk menyaksikan pameran dan museum secara utuh pada Kamis (24/3).Di terima oleh Gusti Kanjeng Ratu Bendara, para delegasi langsung disuguhi pameran koleksi kereta kencana di Bangsal Pagelaran. Kereta Kanjeng Kiai Garuda Yeksa tampak menyita perhatian para delegasi. Kereta kencana itu merupakan kereta khusus penobatan yang digunakan oleh Sultan.Seusai menyaksikan koleksi kereta pusaka, para delegasi kemudian menikmati pameran Jayapatra. Beberapa delegasi dari Jerman, Jepang, dan negara Uni Eropa lainnya disuguhi narasi sejarah perjuangan bangsa Indonesia yang banyak didukung oleh keraton.Agenda berlanjut dengan ke Sitihinggil, yakni ke kompleks Kedhaton dan ruang lukisan di kompleks Bangsal Kasatriyan. Para delegasi menikmati suasana Keraton Jogja yang bangunannya berusia lebih dari 200 tahun itu.Sebelum melihat koleksi lukisan karya Raden Saleh, para delegasi menyempatkan untuk mengabadikan momen ekskursi dengan berfoto di depan Regol Danapratapa.Dalam kesempatan tersebut, Gusti Bendara memberi jamuan bir Jawa untuk memperkenalkan kuliner tradisional Keraton Jogja ke dunia mancanegara. Di akhir kunjungan, seluruh delegasi disuguhi koleksi batik sekaligus proses pencanthingan yang diperagakan oleh Abdi Dalem Batikan dari KHP Kridhamardawa.""Pada sesi terakhir, para delegasi kami ajak melihat produk UMKM dari Yogyakarta. Harapannya dari keraton, para delegasi ini dapat menceritakan tentang sejarah Keraton Jogja ke seluruh dunia,"" tutur GKR Bendara.Hari tersebut menjadi yang terakhir bagi seluruh delegasi G20 berada di Jogja dan ditutup dengan ekskursi budaya di beberapa destinasi. Selain Keraton Jogja, para delegasi juga sempat mengunjungi Candi Borobudur, sentra batik Giriloyo, dan sajian sendratari Ramayana.""Harapannya, dengan mengenal UMKM dan potensi wisata belanja di Jogja, mereka mempunyai keinginan untuk menjaga produk-produk tradisional dari setiap destinasi wisata. Harapan lainnya, semoga kunjungan di keraton mampu memperlihatkan kesiapan pariwisata Jogja untuk menerima wisatawan dari mancanegara setelah pandemi terjadi,"" tutup GKR Bendara mengakhiri kunjungan delegasi G20 di keraton saat itu."
24,Kholida Qothrunnada - detikFinance,"Pengertian Komunis: Sistem Ekonomi, Ciri, dan Contoh Negaranya",29 Maret 2022 10:23 WIB,https://finance.detik.com/berita-ekonomi-bisnis/d-6005731/pengertian-komunis-sistem-ekonomi-ciri-dan-contoh-negaranya,"Komunis adalah salah satu paham yang dianut oleh sebuah negara. Pengertian komunis juga bisa didefinisikan melalui gambaran pemerintah pusat, yang akan mengendalikan semua aspek produksi ekonomi, dan menyediakan kebutuhan dasar warga, termasuk makanan, perumahan, perawatan medis, dan pendidikan.Melansir laman History, komunisme dikenal juga dengan sosialisme revolusioner. Hal itu berasal sebagai reaksi terhadap Revolusi Industri, yang kemudian didefinisikan oleh teori-teori Karl Marx.Karl Marx adalah pencetus gagasan ekonomi komunis modern. Tujuan komunisme adalah untuk memperbaiki masalah yang diciptakan oleh sistem kapitalis (pasar bebas), termasuk eksploitasi pekerja dan melebarnya tingkatan antara kaya dan miskin.Baik sosialisme maupun komunisme pada dasarnya adalah filosofi ekonomi, yang menganjurkan kepemilikan publik daripada kepemilikan pribadi, terutama alat-alat produksi, distribusi dan pertukaran barang (yaitu, menghasilkan uang) dalam suatu masyarakat.Di bawah komunisme, tidak ada yang namanya milik pribadi. Semua properti dimiliki bersama, dan setiap orang akan menerima bagian berdasarkan apa yang mereka butuhkan.Sistem Ekonomi KomunisDikutip dari e-Modul Kemdikbud Ekonomi Paket C karya Rocheni Esa Ganesa, sistem ekonomi komunis adalah sistem ekonomi yang semua kegiatan perekonomian di dalamnya diatur dan disediakan oleh negara.Sistem ekonomi komunis juga biasa disebut dengan sistem ekonomi terpusat/komando (Sosialis). Sosialisme dan komunisme merupakan contoh sistem ekonomi terpusat.Ciri-ciri Sistem Ekonomi KomunisBerikut adalah ciri - ciri sistem ekonomi komunis:Dalam pelaksanaannya, sistem ekonomi komunis juga memiliki kelebihan dan kekurangan. Adapun kelebihan dan kelemahan sistem ekonomi komunis adalah sebagai berikut:Kelebihan Sistem Ekonomi KomunisKelemahan sistem ekonomi KomunisDaftar Negara dengan Sistem Ekonomi KomunisApa yg dimaksud negara komunis? Negara komunis adalah negara yang kegiatan pemerintahannya menganut sistem satu partai dan mendeklarasikan paham kepada komunisme. Uni Soviet merupakan negara komunis terbesar dan pertama di dunia.Adapun negara yang menganut sistem ekonomi komunis antara lain:Nah, itu tadi pengertian komunis, beserta sistem ekonomi lengkap dengan contoh negara yang menganut sistem ekonomi komunis. Semoga bisa menambah pemahaman detikers semua ya, selamat belajar!"
25,Tim detikcom - detikNews,"AHY Temui Surya Paloh di NasDem Tower Hari Ini, Ada Apa?",29 Maret 2022 10:21 WIB,https://news.detik.com/berita/d-6005727/ahy-temui-surya-paloh-di-nasdem-tower-hari-ini-ada-apa,"Ketua Umum Partai Demokrat Agus Harimurti Yudhoyono (AHY) hari ini menggelar silaturahmi kebangsaan dengan menemui Ketua Umum Partai NasDem Surya Paloh. Ada apa?Pantauan detikcom di NasDem Tower, Menteng, Jakarta Pusat, Selasa (29/3/2022), AHY menyambangi langsung Surya Paloh di NasDem Tower. AHY didampingi sejumlah elite Demokrat.""Silaturahmi kebangsaan pagi ini akan membahas isu-isu kebangsaan dan permasalahan bangsa terkini, termasuk situasi sulit yang dihadapi rakyat karena pandemi dan apa yang harus dilakukan agar Indonesia bisa segera pulih,"" kata Kepala Badan Komunikasi Strategis DPP Demokrat Herzaky Mahendra Putra dalam keterangannya, Selasa (29/3/2022).Herzaky menyebut AHY akan membahas agar Pemilu 2024 terselenggara sesuai jadwal, yakni 14 Februari. AHY ingin juga membicarakan soal menjaga konstitusi negara.""Tentu Ketua Umum Partai Demokrat AHY juga akan membahas bagaimana mengawal agenda-agenda kebangsaan negeri ini, termasuk Pemilu 2024, tetap dapat berjalan sesuai dengan jadwal,"" sebut Herzaky.""Bagaimana menjaga negeri ini dari upaya permufakatan jahat melanggengkan kekuasaan yang melanggar konstitusi dan mengkhianati amanah reformasi,"" imbuhnya.AHY memang mulai kembali bertemu dengan sejumlah tokoh, baik tokoh pemerintahan maupun partai politik. Terakhir, AHY mengundang Gubernur DKI Jakarta Anies Baswedan ke acara pelantikan pengurus DPD Demokrat DKI Jakarta pada pertengahan Maret lalu.AHY sempat memuji Anies ketika itu. Putra sulung Presiden ke-6 RI Susilo Bambang Yudhoyono (SBY) itu menyebut Anies sebagai sahabat diskusinya.""Beliau adalah sahabat diskusi saya, kalau boleh saya mengatakan demikian Pak Gubernur. Jauh-jauh hari sebelum kami berdua masuk ke dunia politik. Saya masih menggunakan seragam militer, beliau masih seorang tokoh akademisi atau cendekiawan yang ingin terus menghadirkan pemikiran-pemikiran, gagasan-gagasan untuk kemajuan bangsa,"" kata AHY dalam sambutannya, di JIExpo Kemayoran, Jakarta, Selasa (15/3)."
26,Randy Prasatya - Sepakbola,Skuad Timnas Italia Masih Terguncang,29 Maret 2022 10:20 WIB,https://sport.detik.com/sepakbola/bola-dunia/d-6005459/skuad-timnas-italia-masih-terguncang,"Italia gagal meraih tiket ke Piala Dunia 2022 setelah ditumbangkan Makedonia Utara. Kekalahan itu masih membuat Gli Azzurri terguncang.Italia takluk 0-1 dari Makedonia Utara dalam laga playoff zona Eropa di Palermo, Jumat (25/3/2022) dini hari WIB. Hasil ini membuat Gli Azzurri harus absen dua kali beruntun di Piala Dunia. Empat tahun silam, mereka juga hanya menjadi penonton.Padahal, sebagian besar skuad ini diisi para pemain yang mengantarkan Italia juara Euro 2020 di Wembley delapan bulan lalu. Tim ini juga yang menorehkan sejarah dengan catatan tak terkalahkan di 37 laga beruntun.Berbicara kepada TRT Sport, Bonucci mengungkapkan skuad Gli Azzurri masih terpuruk. Pemain milik Juventus itu tidak tampil pada laga tersebut karena cedera, tapi tahu betul apa yang dialami rekan-rekannya.""Kami belum bisa mengatasi guncangan ini, kami sangat menyesal, kami tidak mengharapkan hasil seperti itu. Di musim panas kami merasakan kegembiraan yang luar biasa, hasil ini malah membuat kami sedih,"" kata Leonardo Bonucci kepada yang pada laga tersebutTurki adalah negara lainnya yang gagal ke Piala Dunia 2022 setelah kalah dari Portugal. Nah, sebagai sesama negara yang ada dalam satu bagan, Italia dipertemukan dengan Turki, Rabu (30/3/2022) dini hari WIB.Itu bukan sebagai perebutan tempat ketiga dari jalur play-off Piala Dunia 2022. Turki vs Italia bertajuk FIFA matchday, yang memperebutkan poin demi memperbaiki posisi di peringkat dunia.Italia juga sempat absen di Piala Dunia 2018. Italia yang kala itu ditangani oleh Gian Piero Ventura, disingkirkan Swedia di play-off pada 2017 dengan agregat 0-1.Di sisi lain, Turki belum pernah lagi ke Piala Dunia sejak finis ketiga pada edisi 2002 di Korea-Jepang. Secara keseluruhan, Turki baru dua kali masuk Piala Dunia, yang dimulai pada 1954."
27,Hanif Hawari - detikHot,Wajah Rian D'Masiv Gegara Kecelakaan Mobil: Mata Kiri Bengkak,29 Maret 2022 10:20 WIB,https://hot.detik.com/celeb/d-6005630/wajah-rian-dmasiv-gegara-kecelakaan-mobil-mata-kiri-bengkak,"Jakarta - Rombongan D'Masiv alami kecelakaan mobil saat manggung di Banyuwangi. Pulang ke rumah, Rian D'Masiv perlihatkan matanya yang memar dan bengkak.Rian D'Masiv pulang tiba di rumahnya pada Senin (28/3/2022) di kawasan Jakarta Selatan sepulang manggung di Banyuwangi dan mengalami kecelakaan mobil. Foto: Hanif/detikHOT"
28,Tim 20Detik - 20DETIK,Stray Kids Jadi Grup K-Pop Ketiga yang Puncaki Billboard 200,29 Maret 2022 10:11 WIB,https://hot.detik.com/detiktv/d-6005725/stray-kids-jadi-grup-k-pop-ketiga-yang-puncaki-billboard-200,Stray Kids berhasil debut di Billboard 200. Mini album 'ODDINARY' menempati posisi puncak di chart Top 200 Albums.
29,Nafilah Sri Sagita K - detikHealth,"Bermunculan Wacana Vaksin COVID-19 Booster Keempat, Seberapa Ampuh Sih?",29 Maret 2022 10:18 WIB,https://health.detik.com/berita-detikhealth/d-6005724/bermunculan-wacana-vaksin-covid-19-booster-keempat-seberapa-ampuh-sih,"Studi di Israel mengungkap efektivitas vaksinasi booster COVID-19 kedua atau dosis keempat. Riset yang dilakukan pada kelompok lansia menunjukkan perlindungan vaksin booster kedua dengan Pfizer lebih protektif mencegah kematian akibat COVID-19.Dikutip dari Reuters, mereka yang menerima booster kedua memiliki risiko kematian 78 persen lebih rendah ketimbang mereka yang menerima satu kali booster.Penyedia layanan kesehatan terbesar di Israel, Clalit Health Services, melibatkan lebih dari setengah juta orang berusia 60 hingga 100 tahun dalam riset terkait. Sekitar 58 persen peserta telah menerima booster vaksin kedua atau dua suntikan selain rejimen dua suntikan dasar. Sisanya, hanya menerima satu booster.Para peneliti mencatat 92 kematian di antara kelompok pertama dan 232 kematian di antara kelompok kedua yang lebih kecil.""Kesimpulan utamanya adalah booster kedua menyelamatkan nyawa,"" kata Ronen Arbel, peneliti di Clalit and Sapir College.Laporan tersebut diterbitkan sebagai pracetak dan belum ditinjau oleh rekan sejawat. Penelitian tersebut mengecualikan orang yang menerima vaksin Moderna dan mereka yang telah menggunakan terapi anti-COVID oral.Pejabat kesehatan Israel telah melakukan sejumlah penelitian tentang kemanjuran vaksin selama pandemi yang berdampak pada pembuatan kebijakan di negara lain. Hingga kini, beberapa negara yang memutuskan lanjut booster vaksin dosis keempat, membatasi penggunaannya bagi lansia, sementara Indonesia masih berfokus di vaksinasi booster ketiga."
30,Deutsche Welle (DW) - detikNews,Jerman Akan Beli Sistem Pertahanan Rudal Baru dari Israel,29 Maret 2022 10:16 WIB,https://news.detik.com/dw/d-6005722/jerman-akan-beli-sistem-pertahanan-rudal-baru-dari-israel,"Kanselir Jerman Olaf Scholz mengkonfirmasi, pemerintahannya sedang mempertimbangkan untuk membeli sistem pertahanan anti peluru kendali jarak jauh dari Israel. ""Sistem pertahanan anti rudal ini juga bisa menawarkan perlindungan kepada negara tetangga di Uni Eropa"", ujar Scholz kepada televisi kanal satu Jerman ARD Minggu (27/3).Kanselir Jerman mengatakan, ini salah satu tema yang sedang didiskusikan untuk tujuan baik. Walau begitu Scholz menolak mengungkapkan rincian rencana pembelian sistem pertahanan anti rudal itu. ""Semua masih belum final"", katanya dalam acara Talk Show yang dipandu moderator Annne Will itu.Pernyataan Kanselir Scholz itu menegaskan pernyataan sebelumnya, yang dilontarkan anggota parlemen Jerman- Bundestag. ""Kami harus bisa mempertahankan diri lebih baik lagi dari ancaman Rusia"", kata Andreas Schwarz, politisi partai Sosial Demokrat - SPD yang jadi anggota komisi anggaran Bundestag. ""Untuk tujuan itu, kami perlu secepatnya memiliki untuk Jerman"", ujar Schwart seperti dikutip tabloid Bild am Sonntag.Senada dengan itu Marie-Agnes Strack-Zimmermann, ketua komisi pertahanan di parlemen Jerman kepada harian Die Welt mengatakan,Jerman harus mempertimbangkan sistem senjata yang berbeda dengan yang dimiliki Rusia. ""Israel memproduksi sistem itu, dan masuk akal jika kita tidak hanya melihat pada skenario yang beda tapi juga membelinya"", ujar ketua komisi pertahan dari partai liberal FDP itu.Namun politisi dari partai oposisi, Roderich Kiesewetter melontarkan kritik atas rencana pembelian sistem anti rudal Israel itu. Pakar politik luar negeri partai Kristen Demokrat itu menyebutkan, ini merupakan investasi yang keliru. ""Seharusnya pemerintah memberikan prioritas persenjataan dan logistik lebih baik kepada Bundeswehr. Sistem pertahanan udara, lebih baik lagi jika NATO yang meningkatkan sistem tersebut untuk melindung perbatasan terluar anggotanya"", kata Kieswetter.Kanselir Jerman Scholz pada bulan Februari lalu, sesaat setelah Rusia melancarkan invasi ke Ukraina, sudah mengumumkan akan memberikan anggaran khusus senilai 100 miliar Euro untuk meningkatkan kemampuan militernya. Selain membeli sejumlah pesawat tempur siluman F-35 dari AS, juga direncanakan pembelian sistem anti rudal dari Israel itu seharga sekitar 2 miliar Euro.Sistem pertahanan Arrow 3 buatan Israel memiliki kemampuan menangkal dan menghancurkan peluru kendali balistik jarak jauh, dan berfungsi hingga ketinggian stratosfir atau sekitar 10 kilometer dari permukaan Bumi. Sistem radarnya juga sangat kuat, hingga mampu mencakup wilayah pertahanan negara tetangga Polandia, Romania bahkan hingga negara-negara Baltik, demikian laporan tabloid Bild.Kemampuannya berbeda dengan sistem pertahanan Iron Dome, yang hanya mampu menangkal rudal dengan ketinggian jelajah rendah. Angkatan bersenjata Jerman sejauh ini sudah memiliki sistem pertahanan anti rudal Patriot, yang mampu menangkal dan menghancurkan rudal jarak pendek.as/hp (dpa,AFP)"
31,Haris Fadhil - detikNews,"Ada Perbaikan Wesel, KRL Antre Gantian Masuk Stasiun Manggarai",29 Maret 2022 10:14 WIB,https://news.detik.com/berita/d-6005720/ada-perbaikan-wesel-krl-antre-gantian-masuk-stasiun-manggarai,"PT KAI melakukan perbaikan wesel atau sistem yang memungkinkan kereta berpindah dari satu trek ke trek lain di Stasiun Manggarai. Akibatnya, kereta api harus antre untuk masuk ke Stasiun Manggarai.""Terdapat perbaikan wesel di Stasiun Manggarai dan saat ini masih dalam penanganan petugas,"" tulis PT KAI Commuter lewat akun Twitter resminya @CommuterLine pukul 09.39 WIB, Selasa (29/3/2022).PT KAI Commuter mengatakan perbaikan ini berdampak pada perjalanan kereta dari arah Pasar Minggu menuju Manggarai dan Sudirman menuju Manggarai. Kereta harus bergantian jalur masuk atau keluar.""Perjalanan KA Pasar Minggu-Manggarai dan Sudirman-Manggarai mengalami pergantian jalur masuk/keluar stasiun. Kami mohon maaf atas ketidaknyamanannya,"" tulis KAI Commuter.Sejumlah pengguna Twitter mengeluhkan lamanya waktu untuk masuk ke Stasiun Manggarai. Ada pengguna Twitter yang menyebut KRL sudah tertahan sekitar 20 menit untuk masuk ke Stasiun Manggarai dari arah Stasiun Tebet."
32,Wahyu Setyo Widodo,"Per 17 April, Liburan ke Australia Tak Perlu Tes COVID-19 Sebelum Terbang",29 Maret 2022 10:14 WIB,https://travel.detik.com/travel-news/d-6005719/per-17-april-liburan-ke-australia-tak-perlu-tes-covid-19-sebelum-terbang,"Per tanggal 17 April mendatang, wisatawan internasional yang mau liburan ke Australia tidak perlu menunjukkan hasil tes COVID-19 negatif sebelum terbang. Hore!Menteri Kesehatan Australia, Greg Hunt mengatakan Pemerintah Australia kini tidak lagi menjadikan hasil tes negatif COVID-19 sebagai syarat utama bagi wisatawan internasional untuk masuk ke wilayah Australia. Peraturan ini akan mulai berlaku pada tanggal 17 April mendatang.""Melihat persyaratan vaksinasi yang masih berlaku dan juga penggunaan masker, nasihat dari pihak medis adalah tes COVID-19 kini tak lagi diperlukan,"" ujar Greg,seperti dikutip dari ABC News Australia, Selasa (29/3/2022).""Khususnya karena adanya beberapa masalah di sejumlah negara dalam mengakses hasil tes tersebut atau menunjukkan bukti tes,"" imbuh GregGreg mengatakan dia sudah berbicara dengan direktur eksekutif dua maskapai penerbangan terbesar di Australia, yakni Qantas dan Virgin terkait kebijakan ini.""Namun kami juga mendengarkan pendapat dari Kepala Bidang Kesehatan Australia,"" katanya lagi.Keharusan menjalankan tes PCR dan menunjukkan hasil tes negatif sebelum terbang ke Australia sudah diberlakukan sejak awal tahun 2021, sebagai salah satu upaya untuk menghentikan penyebaran virus corona ke Australia.Sebelumnya pelaku perjalanan internasional selalu diminta untuk menunjukkan hasil negatif dari tes PCR yang dilakukan tiga hari sebelum terbang, namun kemudian diubah lagi dengan hanya persyaratan menjalankan tes rapid antigen (RAT) pada akhir tahun 2021.Banyak negara lain, termasuk negara-negara di benua Eropa, yang sudah mencabut keharusan melakukan tes COVID-19 sebelum terbang."
33,Tim 20Detik - 20DETIK,Eksperimen Jembatan Cair di Luar Angkasa,29 Maret 2022 09:45 WIB,https://inet.detik.com/detiktv/d-6005707/eksperimen-jembatan-cair-di-luar-angkasa,Awak misi luar angkasa Shenzhou-13 China memberikan kuliah di orbit tentang tegangan permukaan cairan dan eksperimen jembatan cair ke siswa di Bumi. Mereka juga mendemonstrasikan perbedaan antara melempar benda di luar angkasa dan di Bumi.
34,Luthfi Anshori - detikOto,"Tak Hanya Rantai, Ini Bagian-bagian Motor yang Perlu Dilumasi Secara Berkala",29 Maret 2022 10:05 WIB,https://oto.detik.com/tips-and-tricks-motor/d-6005705/tak-hanya-rantai-ini-bagian-bagian-motor-yang-perlu-dilumasi-secara-berkala,"Selain perawatan rutin pada mesin, ada bagian-bagian tertentu dari motor yang harus mendapatkan perawatan secara berkala, meski itu sekadar memberi pelumas. Biasanya hanya bagian rantai dan gear saja yang dilumasi, padahal ada beberapa komponen lain pada motor yang juga layak dilumasi.Tomy Tambrani, Marketing Manager Rexco Indonesia menjelaskan beberapa komponen motor yang perlu mendapatkan pelumasan. Perawatan ini tergolong mudah dan bisa dilakukan di rumah. Apa saja ya part-part motor yang perlu dilumasi?1. Lubang Kunci Kontak dan Tutup TangkiKunci Kontak sebagai komponen kelistrikan di motor harus mendapatkan perhatian khusus. Meski saat ini sudah musim keyless untuk kendaraan roda dua, tapi masih ada motor yang menggunakan anak kunci konvensional. Keberadaan anak kunci itu kerap dianggap sepele, padahal bagian ini mudah rusak jika tidak dirawat dengan baik.Anak kunci akan mudah macet jika lubang kunci kontak tidak pernah mendapatkan pelumasan secara berkala. Sesekali lumasi lubang kunci kontak dengan menyemprotkan cairan pelumas, hal ini akan membuat kunci kontak bisa tetap berfungsi normal. Namun ingat, jangan memakai oli bekas yang justru bisa mengotori partikel-partikel di dalam kunci kontak. Jangan juga memaksa kunci kontak saat tiba-tiba tak bisa diputar. Sebab, tindakan tersebut berisiko membuat lubang kunci rusak dan longgar.Hal ini juga berlaku pada tutup tangki yang memakai model anak kunci kontak sebagai pembuka, piranti ini juga tidak boleh luput dari pelumasan secara berkala. Ketika lubang kunci kontak atau tutup tangki sudah seret akibat berkarat, maka anak kunci bisa berpotensi patah karena ketika memutar anak kunci kontak akan dipaksa dalam kondisi seret yang berakibat anak kunci akan mudah bengkok bahkan berpotensi bisa patah.2. Standar Samping dan Standar TengahTidak perlu panik ketika kondisi standar tengah di motor kita tidak bekerja seperti semestinya, biasanya standar tengah akan nyangkut tidak bisa kembali dengan sempurna ketika motor sudah diturunkan, bahkan ada beberapa kasus yang standar tengahnya sampai sudah macet.Kondisi standar samping atau standar tengah yang keras atau macet tersebut bukan disebabkan karena umurnya, sehingga membuatnya menjadi berkarat, akan tetapi hal tersebut dikarenakan debu dan air hujan yang menjadi karat. Kejadian macet atau keras pada standar tengah dan standar samping bisa kita hindari jika kita rajin memberikan pelumasan.Cukup simpel untuk merawat standar tengah dan standar samping, cukup semprotkan dengan pelumas khusus serbaguna yang fungsi utamanya adalah melindungi dari karat, memudahkan pelepasan baut, menghilangkan bunyi-bunyi, menghilangkan kelembaban, atau air, melindungi dari ancaman korosi, membersihkan dan menghilangkan oli, minyak, tar, aspal, hingga debu.3. RantaiPerawatan mudah lainnya yang bisa kita kerjakan sendiri di rumah adalah merawat rantai. Masalah pada rantai yang umum adalah mudah kendur dan kering bahkan sampai berkarat. Karat bisa muncul karena kita jarang memperhatikan kebersihan Rantai, terutama usai digunakan dan terkena kotoran serta air hujan.Rantai yang kering dan berkarat akan lebih cepat aus, bahkan akan timbul suara berisik saat motor sedang berjalan. Cara merawat rantai motor pun tidak sulit, Rantai cukup sering kita semprot menggunakan pelumas khusus rantai. Jangan melumasi rantai menggunakan oli bekas atau gemuk karena justru bisa menambah kotor permukaan komponen tersebut. Maka pastikan melumasi rantai seminggu sekali agar tidak mudah kering dan tidak menimbulkan suara berisik. Jika rantai terawat, maka rantai akan lebih awet tidak mudah aus.4. Tombol SakelarSering kali kita jumpai sakelar motor kita di bagian tombol lampu sein seret atau keras ketika digunakan, atau klakson tidak bunyi ketika tombol dipencet. Hal ini sering terjadi terutama yang sering parkir di tempat terbuka, sehingga terpapar hujan dan panas. Tombol-tombol di sakelar akan mudah kering, banyak kotoran, dan berkarat.Agar tombol-tombol di sakelar tidak mudah seret dan selalu berfungsi normal, lakukan penyemprotan secara berkala, semprotkan pelumas ke bagian celah-celah tombol, kemudian tombol dipencet-pencet secara bergantian agar proses pelumasan bisa maksimal.5. Pedal Rem, Footstep, dan Kick StarterPada musim hujan seperti sekarang ini, komponen motor yang terbuat dari bahan besi akan lebih mudah berkarat terutama pada komponen yang sering digerakkan dalam menggunakannya seperti pada footstep, kick starter, atau pada pedal rem.Komponen motor yang ini kadang justru luput dari perhatian, padahal footstep juga membutuhkan perawatan yang layak. Bila footstep mendapat beban cukup berat dan terus menerus, maka footstep lama kelamaan bisa melengkung dan tidak lurus lagi.Agar kondisi footstep motor awet dan nyaman saat digunakan, perlu rutin menyemprotkan cairan pelumas di footstep yang sering bergesekan. Begitu juga pada bagian kick starter yang biasanya tuasnya akan mudah seret, dengan melakukan penyemprotan ke sendi kick starter, maka kejadian macet tak akan terjadi. Terutama pada bagian pedal rem, jika pedal rem kaki sampai keras atau bahkan macet, maka bisa berbahaya karena akan berpengaruh pada kinerja pengereman yang berhubungan dengan keselamatan berkendara."
